collection_id,collection_name
0,#TemanTapiMenikah
1,... Cameras Collection
2,.hack Collection
3,10 giorni... - Collezione
4,100 Girls Collection
5,100% Coco Collection
6,101 Dalmatians (Live-Action) Collection
7,12 Dogs of Christmas Collection
8,12 Rounds Collection
9,12 Westerns in 12 Months Collection
10,14+ (Коллекция)
11,1920 Collection
12,1981 Collection
13,2 Days In... Collection
14,2001 Maniacs Collection
15,20th Century Boys Collection
16,28 Days/Weeks Later Collection
17,3 A.M. Collection
18,3 Braves Universe
19,3 Little Pigs collection
20,30 Days of Night Collection
21,300 Collection
22,365 Days Collection
23,4 kings
24,4-2-4 Collection
25,47 Meters Down Collection
26,47 Ronin Collection
27,64 Collection
28,666 Collection
29,8 свиданий (Коллекция)
30,A California Christmas Collection
31,A Chinese Odyssey Collection
32,A Christmas Prince Collection
33,A Christmas Story Collection
34,A Doggone Collection
35,A Dogs Purpose Collection
36,A Few Best Men Collection
37,A Frozen Christmas Collection
38,A Haunted House Collection
39,A Man and a Woman Collection
40,A Menina que Matou os Pais
41,A Meowy Collection
42,A Monkeys Tale
43,A Quiet Place Collection
44,A Second Chance Collection
45,A Very Special Love Collection
46,A Wicked Trilogy Collection
47,ABCD Collection
48,AMV Hell
49,ARCHIE Collection
50,AVP Collection
51,Aadu Collection
52,Aashiqui Collection
53,Ab Tak Chhappan Collection
54,About Love Collection
55,Accident Man Collection
56,"Achtung, fertig Filmreihe"
57,Ada Apa Dengan Cinta? Collection
58,Admiral Yi
59,Admiral Yi Collection
60,Adventures of Bailey Collection
61,After Collection
62,Against the Wild Collection
63,Agent Cody Banks Collection
64,Ah Boys to Men Collection
65,Aileen Wuornos Collection
66,Ajin Collection
67,Akihabara Trilogy
68,Aladdin (Live-Action) Collection
69,Aldo Giovanni e Giacomo Collection
70,Alex Cross Collection
71,Algjör Sveppi
72,Alibi.com - Saga
73,Alice in Wonderland Collection
74,Alien Factor Collection
75,Alien Sex Files
76,Alienoid Movie Collection
77,Aliens Ate My Homework Collection
78,All Hallows Eve Collection
79,All for ...
80,Alligator Ladies Collection
81,"Alls Well, Ends Well"
82,Almighty Collection
83,Alone in the Dark Collection
84,Along Came the Devil Collection
85,Along with the Gods Collection
86,Alpha and Omega Collection
87,Alvin and the Chipmunks Collection
88,Always: Sunset on Third Street Collection
89,Amateur Porn Star Killer Collection
90,Ambra Collection
91,American Civil War Collection
92,American Guinea Pig Collection
93,American Pie Collection
94,American Poltergeist
95,American Psycho Collection
96,Amityville Scarecrow Collection
97,An American Girl Collection
98,Anaconda Collection
99,Analyze Collection
100,Anatomy Collection
101,Anatomy of an Antihero Collection
102,Anchorman Collection
103,Android Kunjappan Collection
104,Anděl Páně (kolekce)
105,Ang Tanging Ina Collection
106,Angelas Christmas Collection
107,Animal Collection
108,Anja & Viktor Collection
109,Annabelle Collection
110,Annika Bengtzon Collection
111,Annika Bengtzon Collection (Helena Bergström)
112,Another Gay Movie Collection
113,Ant-Man Collection
114,Antboy Collection
115,Antelope Valley Collection
116,Antisocial Collection
117,Ants in the Pants Collection
118,Apocalypse Collection
119,Appleseed Collection
120,Aqua Teen Hunger Force Collection
121,Aqua Teen Hunger Force Colon Movie Film for Theaters Collection
122,Aquaman Collection
123,Arabian Nights Collection
124,Aranmanai Collection
125,Ardaas Collection
126,Argo Collection
127,Armored Trooper VOTOMS Collection
128,Armour of God Collection
129,Army of the Dead Collection
130,Arn Collection
131,Arpeggio of blue steel
132,Art of the Devil Collection
133,Arthur and the Invisibles Collection
134,Ash Lad Collection
135,Ashens Collection
136,Ask Me Anything Collection
137,Assassination Classroom Collection
138,Asterix & Obelix Collection
139,Asterix and Obelix (Animation) Collection
140,Atlantic Rim Collection
141,Atlantis Collection
142,Atlas Shrugged Collection
143,Atomic Blonde Collection
144,Attack on Titan (Anime) Collection
145,Attack on Titan Collection
146,Attack the Block Collection
147,Attack the Gas Station Collection
148,Attraction Collection
149,Austin Powers Collection
150,Avatar Collection
151,Avenger Dogs
152,Avengers Grimm Collection
153,Avunu Collection
154,Axegrinder Collection
155,Aşk Tesadüfleri Sever [Seri]
156,Baaghi Collection
157,Baby Driver Collection
158,Baby Geniuses Collection
159,Baby Oopsie Collection
160,Babysitting Collection
161,Bad Ass Collection
162,Bad Ben Collection
163,Bad Boys Collection
164,Bad Kids Collection
165,Bad Moms Collection
166,Bad Santa Collection
167,Balala the Fairies series
168,Bamse Collection
169,BanG Dream! Episode of Roselia Collection
170,Bang Rajan Collection
171,Bangarraju Collection
172,Barbershop Collection
173,Barbie & Kendra Collection
174,Barbie Mariposa Collection
175,Basic Instinct Collection
176,Batman (DC Universe Animated) Collection
177,Batman Animation Collection (Adam West)
178,Batman: The Long Halloween Collection
179,Battle Collection
180,Battle Royale Collection
181,Battle of the Brides
182,Bayside Shakedown Collection
183,Baztan Trilogy
184,Be My Slave Collection
185,Bearcity Collection
186,Beavis and Butt-Head Collection
187,Becky Collection
188,Before... Collection
189,Behind Enemy Lines Collection
190,Belle & Sebastian
191,Benvenuti al... Collection
192,Benvenuto Presidente - Collezione
193,Benyamin The Troublemaker
194,Bernie the Dolphin Collection
195,Berserk: Golden Age Arc Collection
196,Best Exotic Marigold Hotel Collection
197,Best F(r)iends Collection
198,Beverly Hills Chihuahua Collection
199,Bhai - Vyakti ki Valli
200,Bheja Fry Collection
201,Bhool Bhulaiyaa Collection
202,Bhoothnath Collection
203,Bibi & Tina Collection
204,Bibi Blocksberg Collection
205,Big Brother Collection
206,Big Fat Liar Collection
207,Big Mommas House Collection
208,Bigfoot Collection
209,Bill & Teds Most Excellent Collection
210,Binge Collection
211,Bird Box Collection
212,Birdemic Collection
213,Black & White Collection
214,Black Panther Collection
215,Black Water Collection
216,Blade Collection
217,Blade Runner Collection
218,Blair Witch Collection
219,Bleach Collection
220,Blood Feast Collection
221,BloodRayne Collection
222,Bloodbath at Pinky High Collection
223,Bloodshot Collection
224,Bloody Chainsaw Girl Collection
225,Blue Crush Collection
226,BoBoiBoy Collection
227,Bob The Cat Collection
228,Bon Bini Holland Collectie
229,Bon Cop Bad Cop Collection
230,Bonded by Blood Collection
231,Boon Collection
232,Boonie Bears Collection
233,Borat Moviefilms Collection
234,Borgríki Collection
235,Boule & Bill
236,Bound Heat
237,Boys Feels Collection
238,Boys Life (Collection)
239,Brahmāstra Collection
240,Bratz Collection
241,Brice Collection
242,Bridget Jones Collection
243,Brigada Z Collection
244,Bright Collection
245,Bring It On Collection
246,Broken Blade Collection
247,Brother Bear Collection
248,Brother Collection
249,Brotherhood of Blades Collection
250,Bulletproof Collection
251,Bunker of Blood Collection
252,Bunnyman Collection
253,Bunty Aur Babli
254,Buppah Ratree Collection
255,Burg Schreckenstein Filmreihe
256,Burnout Collection
257,Burnt by the Sun Trilogy
258,Bāhubali Collection
259,Cabin Fever Collection
260,Caesar and Otto Collection
261,Cal Collection
262,Camp Blood Collection
263,Camping Collection
264,Candyman Collection
265,Captain America Collection
266,Captain Marvel Collection
267,Captain Underpants Collection
268,Cardcaptor Sakura Collection
269,Carmina - Colección
270,CarousHELL Collection
271,Carpenter Andersen Collection
272,Carry on Jatta Collection
273,Cars Collection
274,Carters Collection
275,Carved Collection
276,Casper and Emma Collection
277,Cat Run Collection
278,Cats & Dogs Collection
279,Cattle Hill Collection
280,Cek Toko Sebelah - Collection
281,Cementerio General Collection
282,Center Stage Collection
283,Charlies Angels Collection
284,Charter Trips
285,Chasing The Dragon Collection
286,Che Collection
287,Cheaper by the Dozen (2003) Collection
288,Cheech & Chong Collection
289,Cherry Blossoms
290,Chhakka Panja Collection
291,Chicken Run Collection
292,Chief Daddy Collection
293,Chihayafuru Collection
294,Children of the Corn Collection
295,Childs Play Collection
296,Chili Palmer Collection
297,Chocolate City Collection
298,Christmas Thieves (Collection)
299,Christmas with a Prince Collection
300,Chronicle Collection
301,Cinderella Story Collection
302,Cities of Love Collection
303,Clash of the Titans Collection
304,Class Reunion Collection
305,Claus Family Collection
306,Clerks Collection
307,Clint Eastwoods Iwo Jima Collection
308,Cloudy with a Chance of Meatballs Collection
309,Clown Motel Collection
310,Clubhouse Detectives Collection
311,Coconut The Little Dragon Collection
312,Code Geass: Akito the Exiled
313,Code Geass: Lelouch of the Rebellion Recap Film Trilogy
314,Cold Prey Collection
315,Cold Pursuit Collection
316,Cold War Collection
317,Coletânea Nada a Perder
318,Come un gatto in tangenziale - Collezione
319,Coming to America Collection
320,Commander Kellie & the Superkids Collection
321,Commando Collection
322,Confession Executive Committee (Series)
323,Confidential Assignment
324,Contigo - Colección
325,Contracted Collection
326,Corky St. Clair Collection
327,Corpse Party Collection
328,Corpse Prison Collection
329,Corto Maltese Collection
330,County Line Collection
331,Cowboy Filmreihe
332,Crackerjack Collection
333,Crank Collection
334,Crayon Shin-chan Collection
335,Crazy Rich Asians Collection
336,Crazy Wedding Collection
337,Creed Collection
338,Creep Collection
339,Crimes of Passion: The Maria Lang Collection
340,Crimes of the South
341,Crocodile Collection
342,Crocodile Dundee Collection
343,Cross Collection
344,"Crouching Tiger, Hidden Dragon Collection"
345,Crows Collection
346,Cruella Collection
347,Cube Collection
348,Cuccioli - Collezione
349,Curious George Collection
350,Cyborg 009 Collection
351,DAU Cinema
352,DJ Tillu Collection
353,Dabangg Collection
354,Dabbe [Seri]
355,Daddy Day Camp Collection
356,Daddys Home Collection
357,Danur Collection
358,Dark Night of the Scarecrow Collection
359,Dark Planet Collection
360,Dark Web Collection
361,Dark Woods Collection
362,Dark World Collection
363,Darko Collection
364,Darling Collection
365,Darna Hai Collection
366,Dawn of the Dragonslayer Collection
367,De Club van Sinterklaas
368,De Pernas Pro Ar - Coleção
369,De forbandede år (samling)
370,Dead Rising Collection
371,Dead River Collection
372,Dead Snow Collection
373,Dead or Alive Collection
374,Deadlands Collection
375,Deadly Prey Collection
376,Deadpool Collection
377,Deadtime Stories
378,Dear God No!
379,Dear Nathan
380,Death Bell Collection
381,Death Forest Collection
382,Death Note Collection
383,Death Race Collection
384,Deco Truck Gal Nami
385,Decoys Collection
386,Deep Blue Sea Collection
387,Deep Sea Monster Raiga Collection
388,Demon Slayer
389,Den of Thieves Collection
390,Den som dræber
391,Department Q Collection
392,Der kleine Rabe Socke Filmreihe
393,Despicable Me Collection
394,Detective Chinatown Collection
395,Detective Conan Collection
396,Detective Dee Collection
397,Detective K Collection
398,Detective Knight Collection
399,Detective bureau nr. 2
400,Detective in the Bar
401,Deuce Bigalow Collection
402,Devi Collection
403,Devil in the Flesh
404,Dhamaal Collection
405,Dhoom Collection
406,Diabolik - Collezione
407,Diary of a Wimpy Kid (Animated) Collection
408,Diary of a Wimpy Kid Collection
409,Die Hard Collection
410,Die Vampirschwestern Collection
411,Digimon Adventure tri. Collection
412,Digimon Collection
413,Dilan
414,Diplomat Kosaku Kuroda
415,Dirty Dancing Collection
416,District 13 Collection
417,Divergent Collection
418,Divã: Coleção
419,Doctor Strange Collection
420,Dolemite Collection
421,Dolphin Tale Collection
422,Don Collection
423,Doom Collection
424,Doraemon Collection
425,Dorm Daze Collection
426,Dostana Collection
427,Downton Abbey Collection
428,Dr. Dolittle Collection
429,Dracula 2000 Collection
430,Dragon Ball Super Collection
431,Dragon Fury Collection
432,Dragon Inn
433,Dragon Loaded Collection
434,Dragon Nest Collection
435,DragonHeart Collection
436,Drishya Collection
437,Drishyam Collection
438,Drumline - Collection
439,Drushyam Collection
440,Ducobu Collection
441,Dulhania Collection
442,Dumb and Dumber Collection
443,Dummie the Mummy Collection
444,Dune Collection
445,Dungeons & Dragons Collection
446,Dynamic Pro Super Robot Collection
447,Eagle Talon Collection
448,Easy Money Collection
449,Easy Rider Collection
450,Eating Out Collection
451,Eberhofer
452,Eden of the East Collection
453,Eight Ranger Collection
454,El Bosque Animado
455,El Crack Collection
456,El Gezira Collection
457,Election Collection
458,Elektra Luxx Collection
459,Elias the Little Rescue Boat Collection
460,Elite Squad Collection
461,Elizabeth Collection
462,Ella and Friends Collection
463,Ellembi Series
464,Elling Collection
465,Elvira Collection
466,Ely + Bea (Collezione)
467,Emmanuelle Through Time Collection
468,Enchanted Collection
469,Enola Holmes Collection
470,Eraser Collection
471,Erkan & Stefan Collection
472,Ernest & Celestine Collection
473,Escape Plan Collection
474,Escape Room Collection
475,Essex Boys
476,Eureka Seven Hi-Evolution Collection
477,Euthanizer Collection
478,Evil Bong Collection
479,Evil Dead Collection
480,Ex Collection
481,Ex-Files
482,Extraction Collection
483,Eye of the Dolphin Collection
484,F*ck De Liefde Collectie
485,"F*ck You, Goethe Collection"
486,Faces of Dying Collection
487,Fairy Tail Collection
488,Fallen
489,Familien Jul (Samling)
490,Famous Five Collection
491,Fantastic Beasts Collection
492,Fantastic Four Collection
493,Fantastic Journey To Oz
494,Fat Pizza Collection
495,Fate/Stay Night: Heavens Feel Collection
496,Father Christmas is Back Collection
497,Father and Guns Collection
498,Father of Four Collection
499,Fear PHarm Collection
500,Fear Street Collection
501,Feast Collection
502,Feed Collection
503,Felix the Rabbit Collection
504,Feluda Collection
505,Female Ninjas Magic Chronicles Collection
506,Femalien Collection
507,Fifty Shades Collection
508,Filthy McNasty Collection
509,Fimfárum
510,Final Destination Collection
511,Final Fantasy VII Collection
512,Finding Jesus Collection
513,Finding Mr. Right Collection
514,Finding Nemo Collection
515,Firefly Collection
516,First Lady Collection
517,Fishermans Friends Collection
518,Fishtales Collection
519,Fist of the North Star: The Legends of the True Savior
520,Flicka Collection
521,Flower and Snake (Remake) Collection
522,Fool for Love
523,Forbidden Fruit Collection
524,Force Collection
525,Fortress (2021) Collection
526,Fortress Collection
527,Four Sisters and a Wedding Collection
528,Four Taxidrivers and a Dog Collection
529,Franklin Collection
530,Free Guy Collection
531,Free!
532,Freedom Trilogy
533,Freier Fall Collection
534,French Fried Vacation
535,Friday Collection
536,Friday the 13th Collection
537,Friend Collection
538,Fright Night (Reboot) Collection
539,From Vegas to Macau Collection
540,Frozen Collection
541,Fubar Collection
542,Fuerzas Especiales Collection
543,Fuga de cerebros - Collection
544,Fukrey Collection
545,Full Out Collection
546,Fullmetal Alchemist (Live-Action) Collection
547,Fullmetal Alchemist Collection
548,Fun and Frustration Collection
549,G.I. Joe (Live-Action) Collection
550,G.O.R.A. Collection
551,GALILEO collection
552,Gabriels Inferno Collection
553,Gamera (Heisei) Collection
554,Gang of Roses Collection
555,Gangs of Wasseypur Collection
556,Gantz Collection
557,Garfield Collection
558,Gatao Collection
559,Gautas Iškvietimas Collection
560,"Gdzie diabeł nie może, tam baby pośle - Kolekcja"
561,Gen-X Cops Collections
562,Geniş Aile [Seri]
563,Gett Collection
564,Ghayal Collection
565,Ghost In The Shell: Arise Collection
566,Ghost Rider Collection
567,Ghost Shark Collection
568,Ghost in the Shell (Animated) Collection
569,Ghost in the Shell: Stand Alone Complex Collection
570,Ghostbusters Collection
571,Ginger Snaps Collection
572,Gintama Collection
573,Gintama Movie Collection
574,Girls & Panzer Filmreihe
575,Girls on Top Collection
576,Glass Tiger collection
577,Gloria Duque - Colección
578,Gnomeo & Juliet Collection
579,Go For Broke Collection
580,Go Goa Gone Collection
581,Go Lala Go Collection
582,Go! Go! Cory Carson Collection
583,Goal! Collection
584,Goat Story Collection
585,God of Gamblers Collection
586,Gods Not Dead Collection
587,Godzilla (Millennium) Collection
588,Godzilla Anime Trilogy
589,Godzilla Collection
590,Goenda Shabor Collection
591,Gogol Collection
592,Golden Chicken Collection
593,Golden Winter Collection
594,Golmaal Collection
595,Gomez & Tavarès Collection
596,Gonin Collection
597,Good Take Collection
598,Gooische Vrouwen Collection
599,Goon Collection
600,Goosebumps Collection
601,Grave Encounters Collection
602,Green Street Hooligans Collection
603,Greenland Collection
604,Grindsploitation Collection
605,Grizzly Collection
606,Groundhog Dave Collection
607,Grown Ups Collection
608,Guardians of the Galaxy Collection
609,Gukga daepyo Collection
610,Gumball 3000 Collection
611,Gundala
612,Gundam Reconguista in G Collection
613,Gunpowder Milkshake Collection
614,Gutter Collection
615,Gwendolyn Shepherd Collection
616,HIT Universe
617,HIT: Cases Collection
618,Hababam Sınıfı [Seri]
619,Habibie & Ainun Collection
620,Haikyu!! - Movie Collection
621,Hakuouki Movie Collection
622,Half Past Dead Collection
623,Halloween (Rob Zombie Series) Collection
624,Halloween Collection
625,Hamilton Collection
626,Hana and Alice Collection
627,Hana-Dama Collection
628,Hanni & Nanni Filmreihe
629,Happiness Collection
630,Happy Bhag Jayegi Collection
631,Happy Death Day Collection
632,Happy Feet Collection
633,Harihar Nagar  Collection
634,Harold & Kumar Collection
635,Harry Potter Collection
636,Has Fallen Collection
637,Hatchet Collection
638,Hate Story Collection
639,Haunted Road Collection
640,Haunted School Collection
641,Haunted Transylvania Collection
642,Havoc Collection
643,Hayflower and Quiltshoe Collection
644,Hayride Collection
645,He Who Dares Collection
646,Head Cases
647,Headless Hero Collection
648,Healed by Grace Collection
649,"Heaven, Hell and Purgatory Collection"
650,Heavens Lost Property
651,Heavy Metal Collection
652,Hell House LLC Collection
653,Hellboy Collection
654,Hellcats Revenge Collection
655,Hellraiser Collection
656,"Help, I Shrunk My..."
657,Henry Fool Collection
658,Hentai Kamen Collection
659,Hera Pheri Collection
660,Herbie Collection
661,Hercule Poirot Collection
662,Heropanti Collection
663,Herr Lehmann Filmreihe
664,Hey Arnold Movie Collection
665,Hideshi Hinos Theater of Horror
666,High School Musical Collection
667,High Strung Collection
668,High&Low The Movie Collection
669,Highlander Collection
670,Hitman Collection
671,Hobbs & Shaw Collection
672,Hocus Pocus Collection
673,Hollow Man Collection
674,Home Alone Collection
675,Honest Candidate Collection
676,Honey Collection
677,Hoodwinked! Collection
678,Hooked Collection
679,Horrible Bosses Collection
680,Horror Stories Collection
681,Hostel Collection
682,Hot Tub Time Machine Collection
683,Hotel Inferno Collection
684,Hotel Transylvania Collection
685,House of the Dead Collection
686,Housefull Collection
687,How High Collection
688,How to Train Your Dragon Collection
689,Howard Lovecraft Collection
690,Howling Village
691,Huevos - Collection
692,Hunter x Hunter Collection
693,Hurricane Bianca Collection
694,I Am Legend Collection
695,I Am Vengeance Collection
696,I Can Quit Whenever I Want Collection
697,I Give You My Word Collection
698,I Got Five on It Collection
699,I Got the Hook Up Collection
700,I Love Hong Kong Collection
701,I Spit on Your Grave (Original) Collection
702,I Spit on Your Grave Collection
703,Ice Age Collection
704,Ice Collection
705,Iceman Collection
706,If You Are the One (Collection)
707,Il peggio della mia vita
708,Immaturi Collection
709,Impy Collection
710,In the Name of the King Collection
711,Inadequate People Collection
712,Independence Day Collection
713,Indian Gangster Trilogy
714,Indiana Jones Collection
715,Infernal Affairs Collection
716,Initial D
717,Inmu
718,Inside Man Collection
719,Insidious Collection
720,Into the Blue Collection
721,Inuyasha Collection
722,Ip Man Collection
723,Iqbal (Samling)
724,Iris Collection
725,Iron Girl Collection
726,Iron Man Collection
727,Iron Sky Collection
728,Ironclad Collection
729,It Collection
730,Ivan Tsarevich & the Grey Wolf Collection
731,Jack Reacher Collection
732,Jack in the Box Collection
733,Jack vs. Collection
734,Jacqueline Mazerin Collection
735,James Bond Collection
736,Jan Dara
737,Jannat Collection
738,Jarhead Collection
739,Jarle Klepp-trilogien
740,Jay and Silent Bob Collection
741,Jeepers Creepers Collection
742,Jet Set - Saga
743,Jiivi Collection
744,Jim Button Collection
745,Jism Collection
746,Joan of Arc Collection
747,Jodorowskys film autobiography
748,Joe Dirt Collection
749,John Wick Collection
750,Johnny 100 Pesos Collection
751,Johnny English Collection
752,Joséphine - Saga
753,Journey Collection
754,Journey to the West Collection
755,Joy Ride Collection
756,Ju-on Collection
757,Judwaa Collection
758,Julemandens Datter (Samling)
759,Jumanji Collection
760,Jump Street Collection
761,Jungle Cruise Collection
762,Jungle Jack Collection
763,Jurassic Park Collection
764,Jurassic Shark Collection
765,Justice League (DC Universe Animated) Collection
766,K-9 Adventures Collection
767,K.G.F Collection
768,KAIJI Collection
769,Kabaddi Collection
770,Kaguya-sama: Love is War - Collection
771,Kahaani Collection
772,Kaithi Collection
773,Kakegurui: The Movie
774,Kamen Rider (1971) Collection
775,Kamen Rider Agito Collection
776,Kamen Rider Amazons Collection
777,Kamen Rider Decade Collection
778,Kamen Rider OOO Collection
779,Kamen Rider The First Collection
780,Kamen Rider W Collection
781,Kandasamys Collection
782,Kangaroo Jack Collection
783,Karla Collection
784,Karthikeya Collection
785,Kartoffelsalat Filmreihe
786,Kazuo Umezus Horror Theater Collection
787,Keinohrhasen Filmreihe
788,Kekko Kamen Collection
789,Keluarga Cemara Collection
790,Khuda Haafiz Collection
791,Kibakichi Collection
792,Kick-Ass Collection
793,Kickboxer (Reboot) Collection
794,Kids Return
795,Kidulthood Collection
796,Kill Bill Collection
797,Kill Buljo Collection
798,Killer Shrews Collection
799,Killing Cabos Collection
800,Killjoy Collection
801,Kindergarten Cop Collection
802,King Naresuan Collection
803,King of Guns Collection
804,Kingsman Collection
805,Kirikou Collection
806,Kizumonogatari
807,Klovn (filmene)
808,Knerten Collection
809,Knights of the Damned Collection
810,Knives Out Collection
811,Knocked Up Collection
812,Knutsen & Ludvigsen Collection
813,Kocan Kadar Konuş [Seri]
814,Koko Collection
815,Kolah Ghermezi
816,Krampus Collection
817,Krrish Collection
818,Kung Fu Masters Collection
819,Kung Fu Panda Collection
820,Kung Fu Traveler Collection
821,Kuntilanak Collection
822,Kuroko no Basket: Winter Cup Soushuuhen Collection
823,Kuroshithuji Collection
824,Kutsal Damacana [Seri]
825,Kvartet I Collection
826,Köstebekgiller [Seri]
827,L.O.R.D Collection
828,LEGO DC Comics Super Heroes Collection
829,LEGO DC Super Hero Girls Collection
830,LEGO: Hero Factory - Saga
831,LUPIN THE IIIRD Collection
832,La Abuela Collection
833,La Soga Collection
834,La Tour Infernale Collection
835,La befana vien di notte
836,La niña de tus ojos - Colección
837,Lady Ninja Kasumi Series
838,Laid To Rest Collection
839,Lake Fear Collection
840,Lan Kwai Fong Collection
841,Lapland Odyssey Collection
842,Largo Winch Collection
843,Las Leyendas Collection
844,LasseMajas Detektivbyrå (samling)
845,Laughing Gor（系列）
846,Lauras Stern
847,Lazer Team Collection
848,League of Gods
849,Leap collection
850,Left Behind Collection
851,Legally Blonde Collection
852,Legend of a Rabbit Collection
853,Lemon Popsicle Collection
854,Leprechaun Collection
855,Les Crevettes pailletées - Saga
856,Les Petits Mouchoirs - Saga
857,Lesní trilogie (kolekce)
858,Lesson of the Evil Collection
859,Let Him Be a Basketball Player Collection
860,Lethal Kittens Collection
861,Letters to Santa Collection
862,Lezioni di Cioccolato Collection
863,Liar Game Collection
864,Library Wars Collection
865,Lights Out Collection
866,Like Mike Collection
867,Like a Dragon Collection
868,Lilly the Witch Collection
869,Lilo & Stitch Collection
870,Line Walker Collection
871,Little Bear
872,Little Book of Love Collection
873,Little Forest Collection
874,Little Nicholas Trilogy
875,Little Witch Academia Collection
876,Live. Die. Repeat Collection
877,Living Dead Collection
878,Lokesh Cinematic Universe
879,Long Long Time Ago
880,Loro Collection
881,Los crímenes del sur
882,Lost Bullet Collection
883,Lost Collection
884,Lotte Collection
885,Louis & Luca Collection
886,Love Comes Softly Collection
887,Love For Sale Collection
888,Love Stories 2 Series
889,Love Stories Series
890,Love Undercover Collection
891,Love in a... Collection
892,Love in the City Collection
893,Lovey-Dovey Collection
894,Lucifer Collection
895,Lucy Collection
896,L♥DK
897,MVP
898,Maari Collection
899,Machete Collection
900,Machine Girl Collection
901,Macross Frontier Collection
902,Mad Max Collection
903,Madagascar Collection
904,Made in Abyss Collection
905,Madea - Collection
906,Magic Carpet Ride Collection
907,Magic Mike Collection
908,Magic Silver Collection
909,Magical Girl Lyrical Nanoha Collection
910,Major Grom Collection
911,Major Korenev Trilogy
912,Major Mahadevan Collection
913,Make Me Shudder
914,Maleficent Collection
915,Malevolence Collection
916,Malibu Rescue Collection
917,Mall Cop Collection
918,Mamma Mia! Collection
919,Man and a Baby Collection
920,Man of Steel Collection
921,Mandie Movies Collection
922,Mang Kepweng Collection
923,Mann Filmreihe
924,Manos Collection
925,Manual of Love Collection
926,Mapado Collection
927,March Comes in Like a Lion Collection
928,Mardaani Collection
929,Mardock Scramble Collection
930,Marfa Girl Collection
931,"Maria, ihm schmeckts nicht! Filmreihe"
932,Mariachi Collection
933,Marley & Me Collection
934,Marrying the Mafia Collection
935,Mary Poppins Collection
936,Maskeli Beşler [Seri]
937,Masquerade Hotel Collection
938,Masti Collection
939,Mata Batin Collection
940,Max Collection
941,Max Havoc Collection
942,Max Pinlig Collection
943,May the Devil Take You
944,Maya the Bee Collection
945,McDull Collection
946,Mean Girls Collection
947,Meat pie collection
948,Meatball Machine Collection
949,Mechanic Collection
950,Meet the Blacks Collection
951,Meet the In-Laws
952,Meet the Parents Collection
953,Mega Shark Collection
954,Megalodon Collection
955,Mektoub is Mektoub
956,Memoirs of a Lady Ninja Series
957,Men & Women Dilogy
958,Men In Black Collection
959,Men Suddenly in Black Collections
960,Men in the City Collection
961,Methagu Collection
962,Mexico Barbaro Filmreihe
963,Mi Nismo Anđeli Collection
964,Midnight Diner Collection
965,Mince Alors ! - Saga
966,Minions Collection
967,Minuscule Collection
968,Mirror Mirror Collection
969,Mirrors Collection
970,Mischievous Kiss The Movie
971,Miss Congeniality Collection
972,Miss Modern Collection
973,Mission: Impossible Collection
974,Mister Twister Collection
975,Mobile Suit Gundam Thunderbolt Collection
976,Mobile Suit Gundam: The Origin Collection
977,Mobile Suit Zeta Gundam A New Translation
978,Mojin Collection
979,Molly Hartley Collection
980,Monica and Friends
981,Monster Family Collection
982,Monster High Collection
983,Monster Hunt Collection
984,Monsters Collection
985,"Monsters, Inc. Collection"
986,Moontrap Collection
987,Mortadelo y Filemón - Colección
988,Mortal Kombat Collection
989,Mortal Kombat Legends Collection
990,Moschettieri del Re - Collezione
991,Mountain Collection
992,Mr. Bean Collection
993,Mr. Bones Collection
994,Mr. Ripley Collection
995,Mucize [Seri]
996,Mummys Kiss Collection
997,Munafik Trilogy
998,Muni Collection
999,Munna Bhai Collection
1000,Murder Collection
1001,Murder Mystery Collection
1002,Mushishi Collection
1003,My Alien Girlfriend Collection
1004,My Big Fat Greek Wedding Collection
1005,"My Boss, My Collection"
1006,My Brother Series
1007,My Friends Sister Series
1008,My Hero Academia Collection
1009,My Little Pony: Equestria Girls Collection
1010,My Mom is a Character Collection
1011,My Sassy Girl Collection
1012,My Sisters Kids (Remake) Collection
1013,My Stupid Boss
1014,My Thoughts Are Silent Collection
1015,My Wife Is Collection
1016,My Wife is a Gangster Collection
1017,Mystery Road Collection
1018,Mythica Collection
1019,N.T.R Collection
1020,NASU Collection
1021,NKCTHI Collection
1022,Naked Ambition
1023,Naked Collection
1024,Naked Fear Collection
1025,Naked Poison Collection
1026,Namastey London Collection
1027,Nana Collection
1028,Nanny McPhee Collection
1029,Naruto Collection
1030,National Lampoons Van Wilder Collection
1031,National Treasure Collection
1032,Nativity Collection
1033,Necromancer
1034,Neighbors Collection
1035,Nemesis Collection
1036,Neuilly sa mère ! - Saga
1037,Never Back Down Collection
1038,Never Died Collection
1039,New Gods Collection
1040,New Initial D Collection
1041,New Kids Collection
1042,New Kung Fu Cult Master Collection
1043,New Money Collection
1044,New Queer Visions Collection
1045,New World Order Collection
1046,Nice Sister-In-Law Series
1047,Night at the Museum Collection
1048,Night of the Demons Collection
1049,Night of the Living Dead 3D - Collection
1050,Nightmare Collections
1051,Niko Collection
1052,Nims Island Collection
1053,Ninja Collection
1054,Ninja Kids!!! Collection
1055,Ninja Vixens Series
1056,Nitro Collection
1057,No manches Frida Collection
1058,Nobody Sleeps in the Woods Tonight Collection
1059,Nodame Cantabile: The Movie Collection
1060,Non ci resta che il crimine - Collezione
1061,Noras Hair Salon Collection
1062,Norm of the North Collection
1063,Now You See Me Collection
1064,Nymphomaniac Collection
1065,O Grilo Feliz
1066,O Şimdi [Seri]
1067,OSS 117 The Reboot Saga
1068,Occupation Collection
1069,Oceans Collection
1070,Octave Parango
1071,Oh My Ghost Collection
1072,Old Way Collection
1073,Olsen Banden (animeret samling)
1074,Olsenbanden Jr. Collection
1075,Omega Code Series
1076,On the Other Side of the Tracks Collection
1077,Once I Was ... Collection
1078,Once Upon a Time in Mumbai Collection
1079,One Cut of the Dead Collection
1080,One Hundred Thousand Bad Jokes Collection
1081,One Missed Call Collection
1082,One More Chance Collection
1083,One Piece Collection
1084,OneChanbara Collection
1085,Ong Bak Collection
1086,Onmyoji Collection
1087,Ooops! Noah is Gone... Collection
1088,Open Season Collection
1089,Open Water Collection
1090,Operation Delta Force Collections
1091,Ori naa kodaka metaverse
1092,Orphan Collection
1093,Os Normais Collection
1094,Osamu Tezukas Buddha
1095,Osobennosti Natsionalnoy ... - Collection
1096,Ostap Bender Trilogy
1097,Ouija Collection
1098,Outpost Collection
1099,Outrage Collection
1100,Overheard Collection
1101,PTU Collection
1102,Pacific Rim Collection
1103,Paddington Collection
1104,Padre no hay más que uno - Colección
1105,Painted Skin Collection
1106,Palermo-Milano Collection
1107,Papa ou Maman Collection
1108,Paradise Trilogy
1109,Paranormal Activity Collection
1110,Paranormal Investigations Collection
1111,Parasyte Collection
1112,Party Crashers Collection
1113,Paw Patrol
1114,Pee-wees Collection
1115,Pelevin by Ginzburg Series
1116,Pentalogy of Mexico by Luis Estrada
1117,Per Fly trilogien (Samling)
1118,Percy Jackson Collection
1119,Perdiendo el norte - Colección
1120,Perfect Education Series
1121,Perfect Stranger Collection
1122,Pertsa & Kilu Collection
1123,Pet Sematary Reboot Collection
1124,Peter Bell Collection
1125,Peter Pan Collection
1126,Peter Rabbit Collection
1127,Petterson and Findus Collection
1128,Phantasm Collection
1129,Phineas and Ferb Collection
1130,Phobia Collection
1131,Pichaikkaran Collection
1132,Piranha 3D Collection
1133,Pirates Down the Street Collection
1134,Pirates of the Caribbean Collection
1135,Pitbull Collection
1136,Pitch Perfect Collection
1137,Pizza
1138,Planes Collection
1139,Planet Single Collection
1140,Planet of the Apes (Reboot) Collection
1141,Playing with Dolls Collection
1142,Ploddy the Police Car Collection
1143,Po čem muži touží (kolekce)
1144,Pokémon Collection
1145,Pokémon: Advanced Generation Collection
1146,Pokémon: Alternate Continuity Collection
1147,Pokémon: Best Wishes! Collection
1148,Pokémon: Detective Pikachu Collection
1149,Pokémon: Diamond and Pearl Collection
1150,Pokémon: XY Collection
1151,Police Story Collection
1152,Pondemonium
1153,Ponniyin Selvan
1154,Porkchop
1155,Porkys Collection
1156,Pororo Collection
1157,Prancer Collection
1158,Predator Collection
1159,Prema Katha Chitram Collection
1160,Pretty Cool Collection
1161,Pretty Cure
1162,Pretty Guardian Sailor Moon Eternal Collection
1163,Princess Cut Collection
1164,Princezna ze mlejna (kolekce)
1165,Prinzessin Lillifee Collection
1166,Project Itoh Collection
1167,Promare Collection
1168,Promedio Rojo Collection
1169,Prometheus Collection
1170,Prudence et Bélisaire Beresford Collection
1171,Public Enemy Collection
1172,Puella Magi Madoka Magica: The Movie
1173,Pulse Collection
1174,Punyalan Collection
1175,Pup Star Collection
1176,Puppet Master Collection
1177,Pure Country Collection
1178,Pusher Collection
1179,Pushpa Collection
1180,Puss in Boots Collection
1181,Pyaar Ka Punchnama Collection
1182,Quarantine Collection
1183,Queen of Spades Collection
1184,Queen of the Trap House Collection
1185,Quentin Crisp Collection
1186,Qué pena... - Colección
1187,R.I.P.D. Collection
1188,RED Collection
1189,Raaz Collection
1190,Race Collection
1191,Ragini MMS Collection
1192,Raiders Collection
1193,Rakht Charitra Collection
1194,Rakshasudu Collection
1195,Rambo Collection
1196,Rampage Collection
1197,Raped by an Angel Collection
1198,Rare Exports Collection
1199,Raw - Die Trilogie des Schreckens
1200,Re-Animator Collection
1201,Rebuild of Evangelion Collection
1202,Recep Ivedik Collection
1203,Recess Collection
1204,Red Cliff Collection
1205,Red Dog Collection
1206,Red Notice Collection
1207,Reeker Collection
1208,Remember the Goal Collection
1209,Resident Evil Collection
1210,Resident Evil: Biohazard Collection
1211,Return of the Living Dead Collection
1212,Reunion Collection
1213,Revelation Road Collection
1214,Revenge Porn Series
1215,Reveries Collection
1216,Richard the Lionheart Collection
1217,Ricky Rapper Collection
1218,Ride Along Collection
1219,Ringu Collection
1220,Rio Collection
1221,Ripper Collection
1222,Rise of the Footsoldier Collection
1223,Road Trip Collection
1224,Robert Collection
1225,Robot Collection
1226,Robotech Collection
1227,Rock Collection
1228,Rock Dog Collection
1229,Rock On Collection
1230,Rocky Collection
1231,Rogue Warfare Collection
1232,Roland Hassel
1233,Romance in the Outfield Collection
1234,Rouletabille (Podalydès)
1235,Rugrats Collection
1236,Running Out Of Time Collection
1237,Rurouni Kenshin (Live-Action) Collection
1238,Rush Hour Collection
1239,Rölli Collection
1240,S.W.A.T. Collection
1241,SLC Punk
1242,SPEC Collection
1243,SPL Collection
1244,SP（系列）
1245,Saamy Collection
1246,Sabaidee Trilogy
1247,Sadak Collection
1248,Sagrada Reset Collection
1249,Saheb Biwi Aur Gangster Collection
1250,Saint Seiya Collection
1251,Saints and Soldiers Collection
1252,Sammys Adventure Collection
1253,Samurai Cat Collection
1254,Samurai Cop Collection
1255,Samurai Hustle
1256,Samurai Trilogy (Yoji Yamada)
1257,Sandakozhi Collection
1258,Sanky Panky Collection
1259,Santa Paws Collection
1260,Santas Apprentice Collection
1261,Sarkar Collection
1262,Satans Slaves - Collection
1263,Save The Last Dance Collection
1264,Saw Collection
1265,Scary Movie Collection
1266,Scoob! Collection
1267,Scooby-Doo Collection
1268,Scorpio Nights Collection
1269,Scream Collection
1270,Scusa ma... - Collezione
1271,Sea Monsters Collection
1272,Searching Collection
1273,See No Evil Collection
1274,Seed Collection
1275,Sergeant Keroro Collection
1276,Serial (Bad) Weddings Collection
1277,Serial Teachers Collection
1278,Seven Dwarfs Collection
1279,Sex And Zen Collection
1280,Sex and the City Collection
1281,Sex is Zero Series
1282,"Sex, Shame & Tears Collection"
1283,Shadow Boxing Collection
1284,Shaft (Reboot) Collection
1285,"Shake, Rattle & Roll Collection"
1286,Shang-Chi Collection
1287,Shanghai Noon Collection
1288,Shaolin vs. Evil Dead Collection
1289,Sharkboy and Lavagirl Collection
1290,Shaun the Sheep Collection
1291,Shazam! Collection
1292,Sheep & Wolves Collection
1293,Sherlock Holmes Collection
1294,Shiloh Collection
1295,Shin Japan Heroes Universe
1296,Shinjuku Swan Collection
1297,Shinzanmono Collection
1298,Shivaji Surathkal Collection
1299,Shock Wave Collection
1300,Shootout Collection
1301,Shoujo Kageki Revue Starlight Collection
1302,Showgirls Collection
1303,Shrek Collection
1304,Shri Shivraj Ashtak
1305,Shrill Cries Collection
1306,Shubh Mangal Collection
1307,Si Doel The Movie - Collection
1308,Sicario Collection
1309,Sides of the Bed
1310,Signal Collection
1311,Sijjin Collection
1312,Sikander Collection
1313,Silent Hill Collection
1314,Simon Brenner Collection
1315,Sin City Collection
1316,Sinbad (シンドバッド) Collection
1317,Sing Collection
1318,Singham Collection
1319,Singles Ward
1320,Sinister Collection
1321,Siren: Erotic Ghost
1322,Six Degrees of Celebration Collection
1323,Skeleton Key Collection
1324,Skyline Collection
1325,Slasher House Collection
1326,Slime City Collection
1327,Smeshariki
1328,Sniper Collection
1329,Snow Queen Collection
1330,Snowtime! Collection
1331,So Young Collection
1332,Sob o sol de Riccione (Coleção)
1333,Soccer Dog Collection
1334,Solidarity Trilogy
1335,Solomons Perjury
1336,Sonic the Hedgehog Collection
1337,Sons of Rizk collection
1338,Sorority Babes Collection
1339,Sotto il vestito niente - Collezione
1340,Soulless
1341,Sound! Euphonium Collection
1342,South of 8 Collection
1343,Space Battleship Yamato 2199 Collection
1344,Space Battleship Yamato Collection
1345,Space Chimps Collection
1346,Space Dogs
1347,Space Jam Collection
1348,Space Pirate Captain Harlock Collection
1349,Spanish Affair Collection
1350,Spicy Beauty Queen of Bangkok Collection
1351,Spider-Man (Avengers) Collection
1352,Spider-Man Collection
1353,Spider-Man: Spider-Verse Collection
1354,Spiders - Collection
1355,Spirit Collection
1356,Spirit Warriors Collection
1357,SpongeBob Collection
1358,Spud Collection
1359,Spy Kids Collection
1360,Squared Love Collection
1361,St. Trinians Collection
1362,Stake Land Collection
1363,Stalked by My Doctor Collection
1364,Stalkers Prey Collection
1365,Stand by Me Doraemon
1366,Star Trek: Alternate Reality Collection
1367,Star Trek: The Next Generation Collection
1368,Star Wars Collection
1369,Stargirl Collection
1370,Stars 80 Collection
1371,Stars Fell Collection
1372,Starship Troopers Collection
1373,State Property Collection
1374,Steel Rain Collection
1375,Step Up Collection
1376,Step Up Love Story Collection
1377,Still Collection
1378,Stolen Identity Collection
1379,Stomp the Yard Collection
1380,Stop the Bitch Campaign
1381,Storm Series
1382,Stray Dogz Collection
1383,Street Fighter (Animated) Collection
1384,Street Kings Collection
1385,StreetDance Collection
1386,Strip Mahjong Series
1387,Stuart Little Collection
1388,Sugar Creek Gang Collection
1389,Suicide Club Collection
1390,Suicide Room Collection
1391,Suicide Squad Collection
1392,SuicideGirls Collection
1393,Sukeban Deka Collection
1394,Sul più bello - Collezione
1395,Summer Things
1396,Sunes samtliga Resor
1397,Super Family Collection
1398,Super Furball Collection
1399,Super Sentai Collection
1400,Super Troopers Collection
1401,Superman Collection
1402,Surfs Up Collection
1403,Surga Yang Tak Dirindukan
1404,Surge Of Power Collection
1405,Surrogate Valentine Collection
1406,Survival of the Dead Collection
1407,Survive Girls
1408,Swamp Zombies Collection
1409,Sweety Collection
1410,Sword Art Online the Movie -Progressive-
1411,"Sí, Mi Amor Colección"
1412,TRON Collection
1413,Taboo Collection
1414,Tadas Do-It-All Collection
1415,Taeter City saga
1416,Tai Chi Collection
1417,Taina Collection
1418,Taiyou no Ko
1419,"Take a Hike, Vasya!"
1420,Taken Collection
1421,Taking the Plunge Collection
1422,Tales From The Dark
1423,Tales from the Crypt Collection
1424,Tall Girl Collection
1425,Tamara Collection
1426,Tamayura: Sotsugyou Shashin
1427,Tanguy - Saga
1428,Tanu Weds Manu Collection
1429,Taxi Collection
1430,Tazza
1431,Team Batista Series
1432,Team Spirit
1433,Ted Collection
1434,Teen Titans Go! Collection
1435,Teenage Mutant Ninja Turtles (Remake) Collection
1436,Tekken Collection
1437,Ten Days Without Mum
1438,Ten Minutes Older... (Collection)
1439,Tengen Toppa Gurren Lagann Collection
1440,Tensión sexual - Colección
1441,Ternet Ninja (Samling)
1442,Terrifier Collection
1443,Terror Toons
1444,Terror Train Collection
1445,Tetsuo Collection
1446,Texas Chainsaw (Reboot) Collection
1447,Texas Chainsaw Massacre Collection
1448,Thamizh Padam Collection
1449,The 100-Year Old Man Collection
1450,The ABCs of Death Collection
1451,The Accidental Detective Collection
1452,The Accountant Collection
1453,The Addams Family (Animated) Collection
1454,The Adventures of Mickey Matson Collection
1455,The Adventures of Tad Jones
1456,The Alexandria Trilogy
1457,The Amazing Spider-Man Collection
1458,The Ambiguous Focus Collection
1459,The Amityville Collection
1460,The Angry Birds Collection
1461,The Are We Collection
1462,The Art of War Collection
1463,The Avengers Collection
1464,The Aztec Mummy Collection
1465,The Babysitter Collection
1466,The Bare Wench Project Collection
1467,The Barn Collection
1468,The Batman Collection
1469,The Battle at Lake Changjin Collection
1470,The Bayani Collection
1471,The Benchwarmers Collection
1472,The Benji Collection
1473,The Best Man Collection
1474,The Best Movie Collection
1475,The Big Trip Collection
1476,The Black Devil and the White Prince
1477,The Black Mask Collection
1478,The Black Stallion Collection
1479,The Blackwell Ghost Collection
1480,The Blood of Wolves Collection
1481,The Blue Elephant
1482,The Bodyguard Collection
1483,The Boogeyman Collection
1484,The Boondock Saints Collection
1485,The Boss Baby Collection
1486,The Bourne Collection
1487,The Boxcar Children Collection
1488,The Boy Collection
1489,The Bremen Town Musicians (Collection)
1490,The Brotherhood Collection
1491,The Butterfly Effect Collection
1492,The Car Collection
1493,The Cell Collection
1494,The Charlotte Collection
1495,The Christmas Chronicles Collection
1496,The Christmas Project Collection
1497,The Chronicles of Narnia Collection
1498,The Chronicles of Riddick Collection
1499,The Cinema Snob Movies - Collection
1500,The Collector Collection
1501,The Condemned Collection
1502,The Conjuring Collection
1503,The Conman Collection
1504,The Craft Collection
1505,The Cremaster Cycle
1506,The Crimson Rivers Collection
1507,The Crocodiles Collection
1508,The Croods Collection
1509,The Crossing Collection
1510,The Crow Collection
1511,The Curse of Humpty Dumpty Collection
1512,The Dark Knight Collection
1513,The Dark Side of the Heart Collection
1514,The Dead Collection
1515,The Death of Superman Collection
1516,The Debt Collector Collection
1517,The Descent Collection
1518,The Detective Collection
1519,The Devils Carnival Collection
1520,The Die Beautiful Collection
1521,The Dino King (Collection)
1522,The Disappearance Of Eleanor Rigby Collection
1523,The Divine Move Collection
1524,The Dog Who Saved Christmas Collection
1525,The Doll
1526,The Donald Strachey Collection
1527,The Dukes of Hazzard (Reboot) Collection
1528,The Emperors New Groove Collection
1529,The Encounter Collection
1530,The Equalizer Collection
1531,The Exam
1532,The Exorcist Collection
1533,The Expendables Collection
1534,The Eye Collection
1535,The FP Collection
1536,The Fable Collection
1537,The Falls Collection
1538,The Fast and the Fierce Collection
1539,The Fast and the Furious Collection
1540,The Fear Footage Collection
1541,The First Wave
1542,The Fixies Collection
1543,The Fjällbacka Murders
1544,The Flintstones Collection
1545,The Flirting Scholar Collection
1546,The Fontainhas Collection
1547,The Forbidden Legend: Sex And Chopsticks Collection
1548,The Foreigner Collection
1549,The Four Collection
1550,The Fruit is Ripe Series
1551,The Gallows Collection
1552,The Gamers Collection
1553,The Garden of Sinners Collection
1554,The Gigolo Collection
1555,The Gingerdead Man Collection
1556,The Gingko Bed Collection
1557,The Girl - Millennium Collection
1558,The Glass House Collection
1559,The Gospel of Christ Collection
1560,The Gray Man Collection
1561,The Great Yokai War (2005) Collection
1562,The Grudge Collection
1563,The Grump Collection
1564,The Hamiltons Collection
1565,The Hangover Collection
1566,The Hannibal Lecter Collection
1567,The Haunting in Connecticut Collection
1568,The Hills Have Eyes (Reboot) Collection
1569,The Hitmans Bodyguard Collection
1570,The Hobbit Collection
1571,The Holy Man Collection
1572,The Horror Convention Massacre
1573,The Hospital Collection
1574,The Houses October Built Collection
1575,The Human Centipede Collection
1576,The Hunger Games Collection
1577,The Hunters Collection
1578,The Huntsman Collection
1579,The Immortal Wars Collection
1580,The Inbetweeners Collection
1581,The Incredible Monk Collection
1582,The Incredibles Collection
1583,The Intent Collection
1584,The Invisible Boy Collection
1585,The Invoking Collection
1586,The Irony of Fate Collection
1587,The Jennifer Found Footage Collection
1588,The Jungle Book CGI Collection
1589,The Jungle Book Collection
1590,The Killer Eye Collection
1591,The Kissing Booth Collection
1592,The Krays Collection
1593,The Last Exorcism Collection
1594,The Last House on the Left Collection
1595,The Last Warrior (Collection)
1596,The Legend of Jack and Jill Collection
1597,The Lego Movie Collection
1598,The Lion King (Reboot) Collection
1599,The Lion Men Series
1600,The Lion Roars Collection
1601,The Little Polar Bear Collection
1602,The Locator
1603,The Locker Collection
1604,The Lord of the Rings Collection
1605,The Lost Skeleton Collection
1606,The Man from Earth Collection
1607,The Man with the Iron Fists Collection
1608,The Marine Collection
1609,The Mark Collection
1610,The Mask Collection
1611,The Matrix Collection
1612,The Maze Runner Collection
1613,The Meg Collection
1614,The Melchior Collection
1615,The Mesrine Collection
1616,The Messengers Collection
1617,The Millennium Collection
1618,The Modesty Blaise Collection
1619,The Mole Song Collection
1620,The Moment After Collection
1621,The Monkey King Collection
1622,The Most Beautiful Day in the World - Collection
1623,The Mummy Collection
1624,The Muppets Collection
1625,The Necro Files Collection
1626,The New Adventures of Aladin Collection
1627,The Night Before Exams - Collection
1628,The Nun Collection
1629,The Nut Job Collection
1630,The Nutty Professor Collection
1631,The Old Guard Collection
1632,The Other Side of Heaven Collection
1633,The Ouija Experiment Collection
1634,The Outlaws Collection
1635,The Outwaters Collection
1636,The Pact Collection
1637,The Parasite Doctor Suzune: Genesis x Evolution
1638,The Pasta Detectives Collection
1639,The Paul Dédalus trilogy
1640,The Phantom of the Opera Collection
1641,The Pink Panther (Steve Martin) Collection
1642,The Pirates Collection
1643,The Prince & Me Collection
1644,The Princess Diaries Collection
1645,The Princess Switch Collection
1646,The Princess and the Pea
1647,The Prostitute Trilogy
1648,The Protector Collection
1649,The Punisher Collection
1650,The Purge Collection
1651,The Raid Collection
1652,The Railway Children Collection
1653,The Rally Collection
1654,The Redwood Massacre Collection
1655,The Reef
1656,The Reef Collection
1657,The Repo Collection
1658,The Reunion Collection
1659,The Ring Collection
1660,The Robert Langdon Collection
1661,The Rope Curse
1662,The Santa Clause Collection
1663,The Scorpion King Collection
1664,The Sea Beast Collection
1665,The Sean Lock Collection
1666,The Secret Garden Collection
1667,The Secret Life of Pets Collection
1668,The Set Up Collection
1669,The Seven Deadly Sins Collection - Saga
1670,The Sex Files
1671,The Shamers Daughter Collection
1672,The Shimajiro Movie Collection
1673,The Shining Collection
1674,The Sisterhood of the Traveling Pants Collection
1675,The Skulls Collection
1676,The Smurfs (Theatrical) Collection
1677,The Souvenir Collection
1678,The Spanish Apartment Trilogy
1679,The Storage Collection
1680,The Storm Riders Collection
1681,The Strangers Collection
1682,The Suicide Manual Collection
1683,The Swan Princess Collection
1684,The Sword and the Sorcerer Collection
1685,The Tag-Along Collection
1686,The Terminator Collection
1687,The ThanksKilling Collection
1688,The Thing Collection
1689,The Thinning Collection
1690,The Three Investigators Collection
1691,The Three Mothers Collection
1692,The Tomorrow War Collection
1693,The Toxic Avenger Collection
1694,The Transporter Collection
1695,The Treasure
1696,The Trip - Collection
1697,The Trip Collection
1698,The Trolls Collection
1699,The Tuche Family Collection
1700,The Twilight Collection
1701,The Twins Effect Collection
1702,The Ultimate Collection
1703,The Underdog Knight Collection
1704,The Valdemar Legacy Collector
1705,The Vampire Chronicles Collection
1706,The Vanished Collection
1707,The Visitors Collection
1708,The Wailer Collection
1709,The Wedding Party Collection
1710,The Werewolf Game
1711,The White Storm Collection
1712,The Whole Nine/Ten Yards Collection
1713,The Wild Soccer Bunch Collection
1714,The Witch Collection
1715,The Wixxer Collection
1716,The Wog Boy Collection
1717,The Wolverine Collection
1718,The Woman in Black Collection
1719,The Woman in the Septic Tank Collection
1720,The Work and the Glory Collection
1721,The X Files Collection
1722,The Yusuf Trilogy
1723,The Zombie Diaries Collection
1724,Thermae Romae Collection
1725,Think Like a Man Collection
1726,Thomas & Friends Collection
1727,Thor Collection
1728,Three Heroes Collection
1729,Three Kingdoms Collection
1730,Three Steps Above Heaven Collection
1731,Thumbs! Collection
1732,Thupparivaalan Collection
1733,Tiger & Bunny Collection
1734,Tiger Claws Collection
1735,Tiger Collection
1736,Till Luck Do Us Part Collection
1737,Time Is Up (Collezione)
1738,Time Is Up Collection
1739,Tinker Bell Collection
1740,Tiny Times Collection
1741,To All the Boys Collection
1742,Tokyo Decadence
1743,Tokyo Ghoul Movie Collection
1744,Tom Sawyer/Huck Finn Filmreihe
1745,Tomb Raider (Reboot) Collection
1746,Tomb Raider Collection
1747,Tomie Collection
1748,Tooth Fairy - Collection
1749,Tooth Fairy Collection
1750,Top Gun Collection
1751,Top Gunner Collection
1752,Tora-san Series
1753,Torihada Collection
1754,Toro Loco Collection
1755,Torrente Collection
1756,Tortured For Christ Collection
1757,Towa no Quon
1758,Toy Story Collection
1759,Trailer Park Boys Collection
1760,Train to Busan Collection
1761,Training Day Collection
1762,Trainspotting Collection
1763,Transformers Collection
1764,Trick Collection
1765,Tricky Old Dogs Collection
1766,Trilogia Zé do Caixão
1767,Trilogy Marseillaise
1768,Trois
1769,Troll Collection
1770,Troublesome Night Collection
1771,True North Collection
1772,True to the Game Collection
1773,Tsatsiki Collection
1774,Tulse Luper
1775,Turkish Star Wars
1776,Turn A Gundam Collection
1777,Turnt Collection
1778,Twice the Dream Collection
1779,Twin Dragon Encounter Collection
1780,Twittering Birds Never Fly  Collection
1781,Täällä Pohjantähden alla (Timo Koivusalo)
1782,Tô Ryca! Coleção
1783,USA: Land of Opportunities Collection
1784,Umizaru Collection
1785,"Un Franco, 14 pesetas - Colección"
1786,Un Monde sans femmes
1787,Unbroken Collection
1788,Under Construction Series
1789,Undercover Brother Collection
1790,Underworld Collection
1791,Undisputed Collection
1792,Unfair - Saga
1793,Unfriended Collection
1794,Universal Soldier Collection
1795,Unseen Evil Collection
1796,Unstable Fables Collection
1797,Untold Stories of Independent India Collection
1798,Urban Legend Collection
1799,Uriyadi Collection
1800,Us Collection
1801,Ushijima the Loan Shark Collection
1802,V/H/S Collection
1803,V8 Collection
1804,Vacancy Collection
1805,Valley of the Wolves Collection
1806,Vampire Boys Collection
1807,Vampire City
1808,Vampire Hunter D Collection
1809,Vampires Collection
1810,Vampires Suck Collection
1811,Van Helsing Collection
1812,Van Veeteren Collection
1813,Vares Collection
1814,Varg Veum Collection
1815,Velaiyilai Pattathari Collection
1816,Venom Collection
1817,Veronica Collection
1818,Verses of Love Collection
1819,Village Collection
1820,Villain Collection
1821,Vincke & Verstuyft trilogy
1822,Vinski And The Invisibility Powder Collection
1823,Violent Shit Collection
1824,Virgin Hunters Collection
1825,Virgin People Collection
1826,Vishwaroopam Collection
1827,Viy Collection
1828,Vomit Gore Series
1829,WNUF Halloween Collection
1830,Waiting Collection
1831,Walker Series
1832,Walking Tall (Reboot) Collection
1833,Wall Street Collection
1834,Wallander samling (Rolf Lassgård)
1835,Wandering Earth Collection
1836,Warriors of Virtue Collection
1837,Warriors of the Rainbow: The Seediq Bale Saga
1838,Wave / Quake Collection
1839,We Are From The Future Collection
1840,We Make Antiques! Collection
1841,We Were There Collection
1842,Wedding Pact Collection
1843,Welcome Collection
1844,Wendy Collection
1845,What a Wonderful Family Collection
1846,Whats With This ...?! Collection
1847,Whispering Corridors Collection
1848,White Collar Hooligan Collection
1849,White Noise Collection
1850,White Snake Collection
1851,Who Killed Pamela Rose?
1852,Why Did I Get Married Collection
1853,Wickie Collection
1854,Wiener Dog Nationals Collection
1855,Wild Chicks Collection
1856,Windstorm Collection
1857,Wings Collection
1858,Winx Club Collection
1859,Witch Mountain Collection
1860,Witchcraft Collection
1861,Without a Paddle Collection
1862,Wolf Creek Collection
1863,Wolf Warrior Collection
1864,WolfCop Collection
1865,Women Of Mafia Collection
1866,Wonder Collection
1867,Wonder Woman Collection
1868,Wong Fei-Hung Collection
1869,World of Watches Collection
1870,Wreck-It Ralph Collection
1871,Wrong Turn Collection
1872,Wyrmwood Collection
1873,X Collection
1874,X-Men Collection
1875,Yakuza Ladies series
1876,Yamakasi - Collection
1877,Yamla Pagla Deewana Collection
1878,Yes Day Collection
1879,Yes or No
1880,Yeti a Love Story Collection
1881,Yo-kai Watch Movie Collection
1882,Yossi Collection
1883,You Got Served Collection
1884,Young And Dangerous Collection
1885,Young Mother Series
1886,Yowis Ben
1887,Yu-Gi-Oh Collection
1888,Yugo & Lala
1889,Zebraman Collection
1890,Zeitgeist Collection
1891,Zero Lithuania Collection
1892,Zero Woman Collection
1893,Zip & Zap - Collection
1894,Zombie Massacre Collection
1895,Zombie World Collection
1896,Zombieland Collection
1897,Zombies (Disney) Collection
1898,Zoo Wars Collection
1899,Zoolander Collection
1900,Zoombies Collection
1901,Zorro Collection
1902,Zu Warriors Collection
1903,[REC] Collection
1904,the chasing world
1905,xXx Collection
1906,¿Usted No Sabe Quien Soy Yo? - Colección
1907,Çakallarla Dans [Seri]
1908,Çılgın Dersane
1909,Бабушка лёгкого поведения
1910,Женщины против мужчин (Коллекция)
1911,Корпус за бързо реагиране (поредица)
1912,Майор Гром Коллекция
1913,Непослушник (Серия)
1914,Неслужебное задание (Коллекция)
1915,Облако-рай (Коллекция)
1916,Свінгери
1917,Счастье – это
1918,ชัตเตอร์ กดติดวิญญาณ
1919,พี่นาค
1920,หลวงพี่แจ๊ส
1921,“疯狂”三部曲（系列）
1922,レイプゾンビシリーズ
1923,中国胜利三部曲
1924,刺杀小说家（系列）
1925,啊，荒野（系列）
1926,国庆三部曲（系列）
1927,大尾鲈鳗（系列）
1928,学校（系列）
1929,小男人周记（系列）
1930,山村老尸（系列）
1931,爱情呼叫转移 (系列)
1932,狂舞派（系列）
1933,美景之屋（系列）
1934,裸体之夜（系列）
1935,逃狱兄弟（系列）
1936,逃獄兄弟（系列）
1937,闺蜜（系列）
1938,青鬼（系列）
1939,달마야 시리즈
1940,독전 시리즈
1941,동갑내기 과외하기 시리즈
1942,식객 시리즈
